"Timestamp","What question(s) do you have to submit?"
"2017/05/20 11:19:04 PM GMT","Is rape separate from or similar to other forms of torture?"
"2017/05/20 11:25:06 PM GMT","この文を分かるか？"
"2017/05/20 11:27:41 PM GMT","Is it healthy to burn bridges with friends for your personal benefit?"
"2017/05/20 11:29:14 PM GMT","Can social issues exist differently at a systemic and personal level?"
"2017/05/21 3:48:12 AM GMT","Is there such a thing as a perfect government system? "
"2017/05/21 4:16:34 AM GMT","Is there such thing as ethical consumption under capitalism?"
"2017/05/21 5:01:52 AM GMT","Should population size in developing  countries be controlled to help lessen famine risks?"
"2017/05/21 5:48:27 AM GMT","Is it permissible for people to have consensual sex with a family member and both people protect from birth control and STDs?"
"2017/05/21 5:52:31 AM GMT","You are standing on a bridge over a railroad track with a large person wearing a heavy backpack and a train is coming. Ahead on the track are five people tied to the track. If you push the large person with the heavy backpack onto the tracks, it will be enough to stop the train. Do you push the person or no?"